joint1,joint2,joint3,joint4,joint5,joint6,Date
0.022605899,0.472006298,0.007641733,0.517458238,0.867642001,0.335244912,2018/9/23
0.919351301,0.037129364,0.739377418,0.967176997,0.558788476,0.422256129,2018/9/24
0.551657492,0.168956049,0.24317681,0.086535962,0.564116162,0.344055468,2018/9/25
0.0697026,0.728189432,0.947888787,0.265418645,0.91895238,0.543601461,2018/9/26
0.55652597,0.924669032,0.605713798,0.914455898,0.707023101,0.821892777,2018/9/27
0.520016528,0.529577198,0.299445224,0.230763123,0.964601751,0.333553692,2018/9/28
0.472528401,0.465966883,0.98589588,0.346266501,0.970520866,0.006629594,2018/9/29
0.671057248,0.284242989,0.682070734,0.783802377,0.48202638,0.283608687,2018/9/30
0.05414864,0.295715966,0.938517321,0.326921704,0.907135863,0.428603384,2018/10/1
0.659327748,0.878115029,0.678945031,0.949702966,0.864791105,0.740538044,2018/10/2
0.130755883,0.31850152,0.795227478,0.692728166,0.297218441,0.410503444,2018/10/3
0.612530653,0.299042284,0.27598599,0.21209107,0.695267315,0.065295627,2018/10/4
0.319585196,0.544975856,0.74130122,0.777198901,0.611514184,0.068244701,2018/10/5
0.473404639,0.119753386,0.499754061,0.348950387,0.547474257,0.303735157,2018/10/6
0.170972633,0.442522761,0.16564668,0.085813342,0.469903747,0.90878298,2018/10/7
0.07207322,0.399216028,0.836307798,0.770504213,0.578984541,0.257710321,2018/10/8
0.347723824,0.076649036,0.603829269,0.727936681,0.077310781,0.460749256,2018/10/9
0.941505878,0.413747016,0.771914893,0.891235157,0.963520901,0.287313814,2018/10/10
0.603907173,0.533532101,0.161838089,0.159939008,0.192002317,0.229296742,2018/10/11
0.06245618,0.50405162,0.080602273,0.44998033,0.335826675,0.922628295,2018/10/12
0.265432107,0.597330202,0.317704276,0.95044465,0.703948589,0.816228784,2018/10/13
0.812031224,0.079616685,0.783016793,0.938485731,0.06941194,0.311623629,2018/10/14
0.351758516,0.870399485,0.349840716,0.902987314,0.01701209,0.148505026,2018/10/15
0.083369372,0.925828845,0.998178869,0.254381798,0.807903449,0.527256622,2018/10/16
0.879205085,0.40990114,0.021624213,0.43450627,0.229920706,0.844224959,2018/10/17
0.754335333,0.379568611,0.092290012,0.564157556,0.410774978,0.590319371,2018/10/18
0.523994357,0.593602225,0.010970004,0.083294357,0.056985272,0.510795723,2018/10/19
0.165057822,0.365361731,0.279676656,0.11455747,0.767154905,0.110193314,2018/10/20
0.055410664,0.986155138,0.435403851,0.343686923,0.647509246,0.139340354,2018/10/21
0.325141876,0.959033129,0.675108176,0.418680492,0.419440969,0.269093452,2018/10/22
0.602684469,0.624071402,0.238295552,0.948879128,0.87940768,0.607774307,2018/10/23
0.048254597,0.942568943,0.802358961,0.496579422,0.790830562,0.868123482,2018/10/24
0.908859288,0.700830205,0.392847009,0.170853483,0.210567543,0.410302933,2018/10/25
0.91181414,0.668667398,0.197896109,0.245362628,0.581057465,0.325674881,2018/10/26
0.083703525,0.366721595,0.004570847,0.513724765,0.907428284,0.743508291,2018/10/27
0.842343339,0.574301764,0.510696862,0.219841411,0.033968776,0.808527267,2018/10/28
0.788451682,0.632123445,0.870147778,0.475706937,0.341982341,0.238938386,2018/10/29
0.086439647,0.968910002,0.153823581,0.791290948,0.408254561,0.43304672,2018/10/30
0.23217138,0.235096499,0.112450947,0.568658968,0.280311975,0.82488922,2018/10/31
0.669775647,0.277090402,0.607031904,0.997874953,0.013097964,0.174420283,2018/11/1
0.000196099,0.298118951,0.328992528,0.062571529,0.035193187,0.550886079,2018/11/2
0.517672049,0.971505926,0.145442662,0.446712195,0.729204459,0.089936328,2018/11/3
0.05891975,0.327187434,0.306624283,0.982524181,0.508004964,0.938139114,2018/11/4
0.398487401,0.930122439,0.831537291,0.720807939,0.292094728,0.80959445,2018/11/5
0.582631485,0.742775434,0.790512294,0.246654312,0.241367527,0.054242621,2018/11/6
0.024205053,0.463728347,0.916572799,0.906987497,0.087430986,0.906928685,2018/11/7
0.061629112,0.959992012,0.40132329,0.706018551,0.027247178,0.461400997,2018/11/8
0.738651991,0.211232667,0.706600046,0.699403388,0.449348928,0.647346515,2018/11/9
0.708791473,0.053925617,0.676879253,0.10140373,0.819150054,0.511611752,2018/11/10
0.955244358,0.765401425,0.815361723,0.121741407,0.823662189,0.769443646,2018/11/11
0.291463906,0.240092117,0.679272772,0.713966955,0.669239109,0.478065549,2018/11/12
0.453060001,0.28284808,0.824346892,0.530831511,0.835217456,0.185025243,2018/11/13
0.162484955,0.924499424,0.012493449,0.589865767,0.717616195,0.77486322,2018/11/14
0.51855502,0.400243817,0.88758723,0.129221512,0.261634579,0.867474473,2018/11/15
0.541098186,0.868174855,0.128963427,0.606715828,0.315296851,0.051194557,2018/11/16
0.829318389,0.613994401,0.956743016,0.370598639,0.165697427,0.326047613,2018/11/17
0.739951166,0.208436228,0.079617186,0.085741394,0.391264745,0.401035113,2018/11/18
0.796772822,0.760773153,0.424910178,0.679160647,0.956308247,0.257652887,2018/11/19
0.663125773,0.078275085,0.873624246,0.262938365,0.714871447,0.206357508,2018/11/20
0.904021252,0.940352147,0.062240718,0.363976373,0.047757221,0.085916787,2018/11/21
0.871885017,0.223774846,0.33369528,0.18159636,0.144874172,0.206140632,2018/11/22
0.902021598,0.190709389,0.693219965,0.923299151,0.359412278,0.356640969,2018/11/23
0.344154699,0.243959274,0.963006814,0.716782112,0.561055905,0.653370554,2018/11/24
0.708031257,0.374870592,0.618904044,0.750327434,0.882637668,0.453716313,2018/11/25
0.844791788,0.63511545,0.154491128,0.990861196,0.100463712,0.8775482,2018/11/26
0.8680619,0.568484795,0.611809519,0.389488826,0.101887686,0.319723993,2018/11/27
0.159597318,0.452679632,0.120285891,0.925612845,0.284315888,0.257924096,2018/11/28
0.082838324,0.455120903,0.375982317,0.810725033,0.164508716,0.793370053,2018/11/29
0.0150711,0.787060575,0.732557611,0.340758021,0.761294271,0.982413872,2018/11/30
0.622599936,0.162694718,0.830329696,0.16711284,0.794390685,0.012822652,2018/12/1
0.311052662,0.186958849,0.850600543,0.090014808,0.342017626,0.144289599,2018/12/2
0.869376999,0.23859793,0.492355495,0.077543918,0.230872885,0.149521125,2018/12/3
0.800390443,0.919859176,0.15255427,0.250866964,0.578667141,0.716167032,2018/12/4
0.288355171,0.992186507,0.617127475,0.164987139,0.684310968,0.884248554,2018/12/5
0.417625602,0.315153764,0.974087367,0.31604248,0.421405886,0.178963694,2018/12/6
0.81855933,0.11040687,0.212687138,0.442074507,0.118834079,0.077067877,2018/12/7
0.25625595,0.550670645,0.801813646,0.018677161,0.03144603,0.135408361,2018/12/8
0.220104631,0.278465715,0.517431768,0.139243613,0.887471,0.01065582,2018/12/9
0.503981147,0.101785132,0.171051428,0.840642108,0.86619448,0.373057543,2018/12/10
0.079226481,0.250329416,0.157427796,0.618555847,0.860495628,0.298534541,2018/12/11
0.741516999,0.030340346,0.130578197,0.619257792,0.158622918,0.229350731,2018/12/12
0.553517173,0.958822595,0.546013299,0.686301509,0.516242067,0.328673364,2018/12/13
0.359216559,0.855109144,0.862468551,0.760070481,0.710147436,0.893965329,2018/12/14
0.426443587,0.703927177,0.249106915,0.266207277,0.012662135,0.748853153,2018/12/15
0.883687754,0.486000846,0.105950574,0.630850553,0.977298606,0.650403831,2018/12/16
0.421364764,0.327189539,0.583906559,0.589274769,0.83938675,0.224654246,2018/12/17
0.716748544,0.316415252,0.993998497,0.400308792,0.969297613,0.679752169,2018/12/18
0.084003268,0.675936102,0.385397934,0.697781127,0.316510957,0.558480073,2018/12/19
0.087391282,0.446878029,0.213872108,0.048465855,0.588555112,0.971718966,2018/12/20
0.800255314,0.069776122,0.355482993,0.069166156,0.635042094,0.627373503,2018/12/21
0.425996357,0.889939665,0.258321257,0.360010391,0.801360735,0.105578491,2018/12/22
0.258249908,0.289143699,0.333447713,0.125678251,0.742561872,0.349769162,2018/12/23
0.564437218,0.18224816,0.926680087,0.744637238,0.385604576,0.395161948,2018/12/24
0.717311721,0.747097999,0.093776007,0.172998803,0.264943835,0.059360357,2018/12/25
0.962898383,0.92785392,0.010622525,0.850668874,0.055541407,0.169493474,2018/12/26
0.152360143,0.319498562,0.725101426,0.936456267,0.065727555,0.426577773,2018/12/27
0.586823885,0.728021281,0.525403725,0.58663613,0.61765914,0.282211036,2018/12/28
0.337401806,0.206035505,0.023705245,0.561388135,0.488418936,0.509971392,2018/12/29
0.638127243,0.053045708,0.874782737,0.41065761,0.557575628,0.973809886,2018/12/30
0.445260633,0.130530886,0.362176725,0.109115887,0.86976031,0.712972249,2018/12/31
0.45179,0.618009277,0.971052748,0.237371445,0.448280474,0.532102631,2019/1/1
0.558125973,0.358467135,0.116422828,0.770458643,0.099118788,0.271417579,2019/1/2
0.268340661,0.890604713,0.305812905,0.011072674,0.013517014,0.654945641,2019/1/3
0.084158035,0.543258857,0.269900338,0.512511656,0.172845598,0.926613683,2019/1/4
0.703190884,0.150880245,0.352385676,0.339236693,0.770796591,0.837650728,2019/1/5
0.943827518,0.014182969,0.571588673,0.0661383,0.410579866,0.145368733,2019/1/6
0.036211388,0.833300082,0.533277185,0.682281433,0.977136166,0.427889384,2019/1/7
0.687089934,0.442668686,0.868175762,0.555001767,0.338293619,0.939875796,2019/1/8
0.622952853,0.471452251,0.581218884,0.326034051,0.963904816,0.384125133,2019/1/9
0.708654329,0.735696918,0.294217523,0.001850236,0.288859855,0.964576778,2019/1/10
0.794761378,0.517560282,0.857576096,0.403628156,0.423330891,0.979148599,2019/1/11
0.956073635,0.607066947,0.646977316,0.589817299,0.868400545,0.085717954,2019/1/12
0.348119354,0.865084934,0.865508293,0.639563872,0.698922146,0.941128511,2019/1/13
0.883085787,0.235610593,0.926032816,0.309958521,0.32176084,0.128600578,2019/1/14
0.894513485,0.784575029,0.097468366,0.070359966,0.301457709,0.201530601,2019/1/15
0.461610344,0.275247614,0.158527087,0.808314219,0.330450515,0.020326609,2019/1/16
0.659958277,0.037298855,0.18724582,0.695801423,0.141486218,0.176295402,2019/1/17
0.526927745,0.402498624,0.291554045,0.208788167,0.489314713,0.673706548,2019/1/18
0.138336327,0.864776393,0.022349808,0.700846963,0.977855896,0.917604822,2019/1/19
0.773536929,0.026828017,0.681078265,0.848488557,0.49058606,0.357329166,2019/1/20
0.55536639,0.22186415,0.818431366,0.525047228,0.655707136,0.177596617,2019/1/21
0.323974347,0.44589447,0.053005624,0.795047915,0.030477754,0.280557843,2019/1/22
0.371729179,0.507794517,0.368464709,0.538263477,0.998559603,0.125525536,2019/1/23
0.046192996,0.010298891,0.691571776,0.163783245,0.317932288,0.685976075,2019/1/24
0.618885947,0.179315738,0.560554894,0.705102202,0.156850587,0.365700538,2019/1/25
0.469365977,0.590052908,0.150653787,0.48533579,0.160883344,0.163024893,2019/1/26
0.230945177,0.49857421,0.888301793,0.092663272,0.612679397,0.352068615,2019/1/27
0.064740064,0.56740147,0.019688078,0.362586583,0.172708524,0.894653692,2019/1/28
0.750264692,0.15619439,0.086377393,0.280410098,0.177870791,0.455432171,2019/1/29
0.593083177,0.826277562,0.702786772,0.94247128,0.899504563,0.536771233,2019/1/30
0.155149733,0.155006254,0.185836975,0.688852853,0.172267676,0.359282552,2019/1/31
0.963114127,0.48991434,0.859800888,0.186448267,0.444465745,0.710630515,2019/2/1
0.381017438,0.946459278,0.933731435,0.278093051,0.919594856,0.952250459,2019/2/2
0.423269662,0.476837559,0.475557672,0.688699019,0.680577602,0.798790612,2019/2/3
0.989341065,0.737875143,0.439765171,0.599538804,0.781411891,0.485610314,2019/2/4
0.197136142,0.206661538,0.653640501,0.445574947,0.222100094,0.299018089,2019/2/5
0.346923608,0.106928894,0.0731038,0.741163722,0.77233167,0.841927831,2019/2/6
0.025328655,0.729388672,0.802236953,0.663373461,0.235179189,0.141266233,2019/2/7
0.960424793,0.590651221,0.998498107,0.007264076,0.393292981,0.303275885,2019/2/8
0.425947496,0.378291904,0.666610234,0.494056523,0.46115655,0.356662305,2019/2/9
0.84218299,0.595236433,0.901454431,0.444047339,0.793933494,0.493628297,2019/2/10
0.102522555,0.229000696,0.097668319,0.936203111,0.685524785,0.39622114,2019/2/11
0.672337516,0.016254126,0.534786262,0.611709407,0.120256645,0.724022247,2019/2/12
0.730269711,0.13115814,0.599535959,0.086404393,0.006263386,0.630995482,2019/2/13
0.598522931,0.610372639,0.423322315,0.205635217,0.391439404,0.503075531,2019/2/14
0.547893131,0.716074984,0.960109681,0.713038117,0.694636294,0.441680119,2019/2/15
0.019316155,0.865199602,0.007309649,0.523080567,0.562627528,0.226736317,2019/2/16
0.578104398,0.49506385,0.551135825,0.318652219,0.623369254,0.341926374,2019/2/17
0.947460633,0.752151066,0.780977153,0.425250372,0.35860501,0.969371392,2019/2/18
0.37602954,0.460578056,0.004480213,0.988511506,0.791419538,0.73035124,2019/2/19
0.409621411,0.8536761,0.743562672,0.224759942,0.397880536,0.658901331,2019/2/20
0.742524456,0.314670312,0.660659056,0.702627057,0.693285016,0.263940349,2019/2/21
0.818687607,0.605081616,0.258120131,0.567219612,0.592852391,0.643434559,2019/2/22
0.742968867,0.386948158,0.173323757,0.405582416,0.198753531,0.987672269,2019/2/23
0.304605991,0.743391373,0.521967417,0.509833263,0.770329577,0.114038788,2019/2/24
0.917699109,0.522836767,0.848727735,0.491099937,0.709797847,0.744630919,2019/2/25
0.536968415,0.736777547,0.904571307,0.358797643,0.980866798,0.169174383,2019/2/26
0.813151619,0.743939917,0.289193858,0.328597221,0.408050405,0.147342603,2019/2/27
0.803563318,0.533727915,0.456088106,0.164378791,0.648103402,0.69830338,2019/2/28
0.436687341,0.821721585,0.367256227,0.85165537,0.242063902,0.596326618,2019/3/1
0.752030247,0.00320421,0.224560776,0.142716149,0.947017642,0.911583496,2019/3/2
0.326749756,0.179762705,0.177967594,0.824625622,0.254497465,0.94836074,2019/3/3
0.694283985,0.315741112,0.001086104,0.409742506,0.949840552,0.280910111,2019/3/4
0.684873057,0.628345447,0.93457876,0.869928561,0.907811829,0.915806156,2019/3/5
0.875970749,0.286477257,0.364882133,0.386391419,0.954913393,0.490588937,2019/3/6
0.780628102,0.497032028,0.781657242,0.004695633,0.150850984,0.522585051,2019/3/7
0.481499926,0.602019654,0.735222819,0.395576013,0.770381113,0.538122527,2019/3/8
0.046285554,0.174659953,0.749370694,0.867527754,0.698696795,0.863723271,2019/3/9
0.868259929,0.780269631,0.384903318,0.33500629,0.414051955,0.222752645,2019/3/10
0.875032706,0.978005189,0.939954817,0.47110167,0.004239539,0.556573597,2019/3/11
0.092844864,0.348620113,0.524281872,0.284960625,0.508564654,0.461859223,2019/3/12
0.0383408,0.082590029,0.10269992,0.3225747,0.835996391,0.298196591,2019/3/13
0.972371725,0.988090442,0.250920757,0.523090477,0.437334552,0.846609376,2019/3/14
0.66318283,0.354434576,0.773872156,0.10818124,0.280323642,0.408835525,2019/3/15
0.15128502,0.128642706,0.957094316,0.342269476,0.79778133,0.849527373,2019/3/16
0.358261559,0.207428869,0.816254888,0.761755729,0.361643763,0.682179418,2019/3/17
0.091917515,0.662651932,0.826206332,0.642112315,0.04094054,0.046337021,2019/3/18
0.761756608,0.020720395,0.923665206,0.173329757,0.887993421,0.593247741,2019/3/19
0.74145495,0.808897274,0.965220892,0.323570372,0.294708003,0.649862967,2019/3/20
0.80961894,0.080922159,0.483784966,0.330095247,0.391121333,0.941074041,2019/3/21
0.051939778,0.498117473,0.276688027,0.069244242,0.8789475,0.517124849,2019/3/22
0.816853537,0.693531016,0.968660901,0.392389821,0.825606945,0.354783559,2019/3/23
0.763069614,0.62637624,0.271772845,0.411217079,0.781942193,0.221731394,2019/3/24
0.522817603,0.30922698,0.910586976,0.565609919,0.974906995,0.805857119,2019/3/25
0.743550636,0.090176525,0.533974119,0.841963394,0.003531703,0.389422637,2019/3/26
0.724624472,0.557370617,0.210304234,0.563739485,0.187506305,0.791800682,2019/3/27
0.04005131,0.966899588,0.193180017,0.070761784,0.341807393,0.786844355,2019/3/28
0.57114202,0.092141681,0.974077443,0.402602699,0.859255893,0.263834602,2019/3/29
0.51087882,0.720902812,0.172060184,0.253072101,0.64622946,0.575520789,2019/3/30
0.768573974,0.19883655,0.690027452,0.335696988,0.867464974,0.412150254,2019/3/31
0.070603622,0.342536499,0.228747544,0.431143496,0.447602891,0.54355022,2019/4/1
0.107321061,0.886413596,0.960011567,0.125393243,0.490565731,0.703002164,2019/4/2
0.797245982,0.552914082,0.467570193,0.332709037,0.129044771,0.449176446,2019/4/3
0.60956054,0.900566339,0.1621679,0.080942048,0.835383524,0.89373877,2019/4/4
0.707235718,0.335311253,0.598939312,0.953245707,0.967607175,0.677012474,2019/4/5
0.336456051,0.385431033,0.516975408,0.529982829,0.79147839,0.081750778,2019/4/6
0.23639527,0.057036355,0.70204689,0.72916488,0.195439105,0.393624913,2019/4/7
0.713394392,0.939192651,0.174333911,0.420930802,0.724181593,0.782338955,2019/4/8
0.350183073,0.565192146,0.128647931,0.736934056,0.535413298,0.371532577,2019/4/9
0.246833113,0.524747296,0.713279261,0.596442456,0.267924754,0.979422775,2019/4/10
0.584029303,0.417527555,0.649870284,0.241929103,0.828083943,0.939308791,2019/4/11
0.712557087,0.277857058,0.65805231,0.594286801,0.34220948,0.954922166,2019/4/12
0.146675343,0.033833106,0.974923947,0.877946523,0.919492303,0.249119338,2019/4/13
0.760690515,0.757407534,0.529811792,0.287945822,0.909066443,0.36488254,2019/4/14
0.649215449,0.922655145,0.676594864,0.561126393,0.647965242,0.72153848,2019/4/15
0.786911945,0.362782777,0.186218298,0.709178065,0.321028703,0.569408927,2019/4/16
0.519621936,0.164446282,0.867601976,0.436873629,0.198472838,0.522989367,2019/4/17
0.089818186,0.087044972,0.611855815,0.886922682,0.680616505,0.324585515,2019/4/18
0.535051028,0.405231298,0.6033849,0.620663245,0.69529558,0.81163187,2019/4/19
0.424537982,0.158848235,0.412532342,0.98757958,0.236279982,0.62959026,2019/4/20
0.151157969,0.095823151,0.894612281,0.929459885,0.8674127,0.015552119,2019/4/21
0.209685354,0.064728572,0.012685829,0.462121217,0.375431775,0.18190604,2019/4/22
0.883856277,0.842406992,0.463739473,0.859404895,0.080905323,0.600674278,2019/4/23
0.57112557,0.888985067,0.75326044,0.880634644,0.404713068,0.651449529,2019/4/24
0.177309804,0.69060248,0.215281086,0.745333098,0.665402745,0.946885496,2019/4/25
0.833268392,0.072758301,0.449862972,0.712098997,0.881078338,0.416917511,2019/4/26
0.611435804,0.956748211,0.514972447,0.527159526,0.268427909,0.421532039,2019/4/27
0.36562224,0.451929209,0.866514598,0.178293491,0.685790765,0.45565043,2019/4/28
0.696431506,0.918025909,0.749577837,0.516900049,0.227227572,0.985430939,2019/4/29
0.820104817,0.710590678,0.689318654,0.368573523,0.454716351,0.794602639,2019/4/30
0.59283625,0.029503785,0.923938018,0.197185402,0.011058145,0.201990217,2019/5/1
0.796108157,0.891550826,0.038096169,0.918085285,0.961712072,0.343760262,2019/5/2
0.672335565,0.990410733,0.367341018,0.573947026,0.519939826,0.472867192,2019/5/3
0.215365051,5.38742E-05,0.54832168,0.318016279,0.95703393,0.689166403,2019/5/4
0.589086046,0.375051954,0.620892765,0.463060898,0.553493207,0.955595325,2019/5/5
0.617653701,0.669645615,0.019667833,0.20892791,0.079756451,0.801592993,2019/5/6
0.067826795,0.005006812,0.339504215,0.761353974,0.333794817,0.909476099,2019/5/7
0.239580987,0.348178748,0.427664875,0.562961936,0.755294725,0.602022302,2019/5/8
0.124792806,0.84842512,0.639698961,0.98099221,0.891432581,0.665953799,2019/5/9
0.23629461,0.826828582,0.206394615,0.415636187,0.700068531,0.527177586,2019/5/10
0.047590933,0.110552857,0.95435436,0.290977096,0.203309965,0.354891055,2019/5/11
0.700508547,0.928199799,0.167564609,0.502359731,0.358375005,0.728734813,2019/5/12
0.115242214,0.87876659,0.26415916,0.069614456,0.273857387,0.051188592,2019/5/13
0.349460643,0.635619014,0.588193693,0.196010814,0.478648156,0.438713499,2019/5/14
0.609177714,0.617936295,0.995295515,0.363101272,0.403886811,0.661292613,2019/5/15
0.271572244,0.032621437,0.151540221,0.040777155,0.393127227,0.709480058,2019/5/16
0.364563737,0.694637243,0.481257458,0.190901354,0.706171897,0.711740307,2019/5/17
0.233198587,0.290379264,0.060004653,0.374488721,0.839733921,0.226137406,2019/5/18
0.414934778,0.677162418,0.664339109,0.195760421,0.135900017,0.201691814,2019/5/19
0.298097118,0.898999677,0.436671743,0.318860068,0.585610135,0.126007781,2019/5/20
0.106943421,0.997705196,0.739190121,0.942003251,0.434971888,0.952963096,2019/5/21
0.966965993,0.205574096,0.816719022,0.730662864,0.96275373,0.98226197,2019/5/22
0.177817367,0.671887536,0.545908035,0.95688776,0.337510207,0.482542766,2019/5/23
0.396372403,0.155545723,0.306014314,0.167056858,0.089371122,0.399070183,2019/5/24
0.490637654,0.439881493,0.282531252,0.246176425,0.10945903,0.845670134,2019/5/25
0.539948302,0.599419965,0.909112612,0.966464877,0.672931093,0.704137445,2019/5/26
0.980601205,0.073846526,0.225986975,0.360934854,0.637871117,0.084040706,2019/5/27
0.264674779,0.778792271,0.068745696,0.737076576,0.52083113,0.205900081,2019/5/28
0.684843604,0.617829619,0.877853336,0.770251644,0.304006475,0.408398526,2019/5/29
0.564279084,0.933783445,0.93834343,0.072101673,0.560375188,0.550906492,2019/5/30
0.894657247,0.434189274,0.408797245,0.170526803,0.569027633,0.909968313,2019/5/31
0.117229274,0.332069702,0.548886266,0.093203204,0.5748286,0.407567884,2019/6/1
0.607205837,0.064386139,0.001174284,0.218446459,0.382914714,0.68746309,2019/6/2
0.829726167,0.156882698,0.931477051,0.216012004,0.218196383,0.737823671,2019/6/3
0.807008603,0.671500188,0.672653788,0.802339028,0.87406244,0.29831849,2019/6/4
0.367363657,0.61511673,0.614394223,0.839115529,0.674728761,0.685969204,2019/6/5
0.483615335,0.99025265,0.879842245,0.52431058,0.39670466,0.130861982,2019/6/6
0.483879186,0.193728137,0.389189748,0.312779221,0.582718284,0.700529971,2019/6/7
0.659146908,0.238102428,0.137304099,0.742148097,0.93689242,0.155287384,2019/6/8
0.607107469,0.055902333,0.936506187,0.658312647,0.137357817,0.667415324,2019/6/9
0.808371224,0.484158934,0.166000645,0.994863814,0.155671567,0.441855853,2019/6/10
0.648530767,0.792675855,0.954705148,0.893656715,0.17188605,0.201389258,2019/6/11
0.123582138,0.677146142,0.516530835,0.777041739,0.5507366,0.502635824,2019/6/12
0.830256303,0.878290675,0.82102157,0.549357688,0.096689419,0.448161525,2019/6/13
0.174665033,0.575656606,0.232678622,0.589335373,0.770545776,0.743397782,2019/6/14
0.687392795,0.336699421,0.008859357,0.745350087,0.838314685,0.004231895,2019/6/15
0.483266017,0.664890449,0.915086191,0.500547481,0.285873568,0.731196215,2019/6/16
0.394550454,0.202599168,0.89690245,0.709262969,0.993098162,0.604574068,2019/6/17
0.916051885,0.319166931,0.700329485,0.335481916,0.391235016,0.460867458,2019/6/18
0.049531447,0.089408557,0.400025623,0.234127505,0.118765342,0.361227226,2019/6/19
0.270039488,0.556304015,0.77587827,0.94636464,0.028320311,0.485007926,2019/6/20
0.106594588,0.863629893,0.69152734,0.720022484,0.454552741,0.806293899,2019/6/21
0.82858878,0.747712414,0.046959445,0.465545932,0.705346281,0.626451012,2019/6/22
0.325713153,0.638501386,0.865693909,0.947565951,0.939683582,0.172575122,2019/6/23
0.636360781,0.974213141,0.715169206,0.091897815,0.945823111,0.156609412,2019/6/24
0.052701432,0.271973661,0.028761714,0.765136965,0.020140061,0.622282217,2019/6/25
0.528474979,0.81138345,0.09130479,0.583376781,0.033309518,0.647028457,2019/6/26
0.299011149,0.187397991,0.73476147,0.489627435,0.098820049,0.25206962,2019/6/27
0.924108529,0.319149618,0.317441032,0.436063271,0.125317429,0.94886342,2019/6/28
0.028561978,0.651823227,0.719728541,0.89122974,0.734025025,0.974512074,2019/6/29
0.30834602,0.004527827,0.541877772,0.110485389,0.391038558,0.778524687,2019/6/30
0.601453978,0.03789346,0.733085904,0.134471387,0.395998543,0.887937004,2019/7/1
0.407993012,0.052224639,0.44271861,0.690710698,0.521168914,0.056551668,2019/7/2
0.148988999,0.017391587,0.966233478,0.632858891,0.53525099,0.733354467,2019/7/3
0.022676202,0.210870503,0.610703893,0.762734472,0.966166797,0.00697477,2019/7/4
0.80763109,0.599197712,0.267609822,0.203801884,0.572221595,0.436565981,2019/7/5
0.259361339,0.537238736,0.356187685,0.994761633,0.798389415,0.491725623,2019/7/6
0.408334315,0.881619435,0.612210433,0.521215365,0.710717409,0.491629125,2019/7/7
0.007504934,0.12290351,0.930445106,0.229498607,0.592773227,0.967861506,2019/7/8
0.99132299,0.486198645,0.827020406,0.030129058,0.386508762,0.616839228,2019/7/9
0.508828072,0.842661088,0.509195854,0.729057133,0.581729091,0.311097304,2019/7/10
0.55833894,0.47737057,0.415909275,0.890876157,0.886008082,0.475923462,2019/7/11
0.156067501,0.207033471,0.289306616,0.871518913,0.130480317,0.272572592,2019/7/12
0.577387212,0.900500906,0.552624434,0.024954929,0.835478209,0.607778294,2019/7/13
0.518434861,0.336453141,0.019995383,0.113007643,0.254109036,0.274058792,2019/7/14
0.872875122,0.893302018,0.465869334,0.512848541,0.516914983,0.954528527,2019/7/15
0.628937774,0.988439417,0.930252477,0.541254335,0.225095185,0.162432423,2019/7/16
0.628847603,0.800915939,0.141220702,0.615100097,0.229485012,0.756731622,2019/7/17
0.447764861,0.60032786,0.935092415,0.873516865,0.863240396,0.680580038,2019/7/18
0.249984476,0.748634868,0.365289789,0.723608183,0.428746394,0.128881476,2019/7/19
0.731635074,0.14405201,0.275556999,0.505533219,0.057139897,0.107885066,2019/7/20
0.009770359,0.258353033,0.964504144,0.816280012,0.940924989,0.332361144,2019/7/21
0.607287152,0.930885551,0.210613236,0.040136078,0.347774181,0.710193621,2019/7/22
0.550800893,0.47463063,0.891307629,0.585875062,0.988717074,0.597966467,2019/7/23
0.428589503,0.833998785,0.675957393,0.265057577,0.884049934,0.104754403,2019/7/24
0.269156143,0.877254091,0.042455975,0.447576806,0.826434644,0.132408264,2019/7/25
0.972264367,0.824938943,0.720915717,0.573574907,0.390433105,0.601277331,2019/7/26
0.736360517,0.653449907,0.389183215,0.766501379,0.123803218,0.990675714,2019/7/27
0.792595335,0.994427852,0.05707411,0.480422391,0.870927921,0.846713335,2019/7/28
0.19873905,0.854287032,0.836730028,0.731686341,0.075955283,0.783703106,2019/7/29
0.994732789,0.930779835,0.099884072,0.102051242,0.290282385,0.204420664,2019/7/30
0.559068453,0.045866126,0.592185785,0.919037286,0.685274961,0.519108376,2019/7/31
0.018370881,0.949860277,0.100947973,0.378398116,0.596718153,0.926360071,2019/8/1
0.447660267,0.926397065,0.582746328,0.165421319,0.14485177,0.461576624,2019/8/2
0.181960225,0.505878496,0.101794028,0.79993756,0.9312781,0.574506389,2019/8/3
0.316424261,0.10276004,0.86880485,0.33464596,0.277852363,0.208566144,2019/8/4
0.047068678,0.810574305,0.240625517,0.813140076,0.313055004,0.000732165,2019/8/5
0.104529149,0.959544123,0.288490587,0.483380937,0.066815695,0.547843223,2019/8/6
0.996483086,0.439368976,0.708020365,0.685484962,0.781876155,0.194091639,2019/8/7
0.723138132,0.320712343,0.846131546,0.617091355,0.790144167,0.724161905,2019/8/8
0.589495585,0.555906946,0.00876716,0.883579071,0.749931938,0.711263622,2019/8/9
0.767903163,0.97714282,0.572142323,0.711864315,0.85481198,0.049661014,2019/8/10
0.116719241,0.731578383,0.319664893,0.2853137,0.402617667,0.221492687,2019/8/11
0.546889605,0.605490369,0.720148157,0.181556063,0.914828538,0.335349528,2019/8/12
0.128285365,0.724197468,0.237590311,0.590639112,0.789841093,0.774132485,2019/8/13
0.212185898,0.30243817,0.621963334,0.729162088,0.518214896,0.298087718,2019/8/14
0.003633005,0.760874974,0.039809634,0.815806694,0.274329176,0.744189259,2019/8/15
0.550203848,0.692687929,0.972330063,0.810855155,0.642580097,0.535529626,2019/8/16
0.94790834,0.782182176,0.898610062,0.242091103,0.996525207,0.555764622,2019/8/17
0.080405407,0.492661683,0.570218439,0.039775391,0.078760826,0.940387824,2019/8/18
0.676080788,0.594963764,0.640670975,0.122962903,0.766825029,0.516325917,2019/8/19
0.847140421,0.014067004,0.141637881,0.25468962,0.93327223,0.014275675,2019/8/20
0.010830417,0.314167735,0.990936379,0.508630868,0.544441832,0.562962208,2019/8/21
0.01103366,0.033990853,0.364341267,0.722849182,0.886268057,0.612797769,2019/8/22
0.982234221,0.731678164,0.685507794,0.409360923,0.780577879,0.516943581,2019/8/23
0.135865502,0.584957554,0.105261659,0.265681733,0.482613545,0.45631207,2019/8/24
0.366808855,0.34274197,0.631486617,0.497901845,0.885095239,0.464087878,2019/8/25
0.184949802,0.042169779,0.658551983,0.657805548,0.389523247,0.585565677,2019/8/26
0.730128136,0.133082959,0.608042234,0.289621698,0.530548444,0.170665704,2019/8/27
0.483054511,0.22141045,0.387615706,0.414300122,0.262083305,0.343474963,2019/8/28
0.079919839,0.926047388,0.540457193,0.211231393,0.367620139,0.678201506,2019/8/29
0.54125459,0.668915012,0.205888474,0.455154494,0.493507157,0.208530361,2019/8/30
0.831994733,0.158513997,0.139538232,0.539273192,0.804613147,0.883110035,2019/8/31
0.788662026,0.285011718,0.756924286,0.142558531,0.643097342,0.293865867,2019/9/1
0.546650823,0.072159608,0.182181673,0.260915248,0.970725656,0.36832625,2019/9/2
0.19361307,0.800407554,0.93972193,0.495229627,0.710625624,0.648720922,2019/9/3
0.893569707,0.855332027,0.05722746,0.262626731,0.685862486,0.426926283,2019/9/4
0.329146322,0.879607441,0.308930577,0.999101998,0.116338738,0.574703863,2019/9/5
0.07023204,0.539193498,0.026874118,0.328968693,0.293206691,0.146712776,2019/9/6
0.36986378,0.929027104,0.243764562,0.96826035,0.322707014,0.176997375,2019/9/7
0.583423637,0.047586824,0.044466153,0.714112329,0.866527174,0.934331458,2019/9/8
0.22896765,0.116054921,0.222425894,0.988680231,0.505619496,0.11106555,2019/9/9
0.347832952,0.289318842,0.573052284,0.518628211,0.274386095,0.132095765,2019/9/10
0.813896515,0.138351979,0.205668384,0.712110399,0.438727705,0.257542335,2019/9/11
0.127824717,0.1994598,0.501119086,0.150799998,0.172496145,0.68042109,2019/9/12
0.679287305,0.693222341,0.164750305,0.642377541,0.55288271,0.48675569,2019/9/13
0.775148132,0.560578322,0.821328148,0.052213258,0.284732332,0.018385348,2019/9/14
0.476615443,0.614995561,0.408834566,0.093834286,0.473894308,0.909485457,2019/9/15
0.835062034,0.251714169,0.633196987,0.1274935,0.889590614,0.830021171,2019/9/16
0.038909296,0.467055452,0.182685724,0.341339944,0.456653863,0.168276793,2019/9/17
0.819655498,0.698265237,0.524211987,0.586777554,0.348218632,0.967762381,2019/9/18
0.412168565,0.495210014,0.210666549,0.918738724,0.660851547,0.197665971,2019/9/19
0.015536159,0.16105219,0.060312305,0.327147645,0.177867579,0.24211532,2019/9/20
0.722439643,0.702455541,0.864593522,0.640035292,0.917977623,0.951164443,2019/9/21
0.301972445,0.482913253,0.13753922,0.051624126,0.267325392,0.874022706,2019/9/22
0.767977606,0.126455801,0.544481676,0.483249873,0.053076961,0.378146426,2019/9/23
0.942330541,0.71412453,0.577720995,0.609707721,0.998704381,0.521650186,2019/9/24
0.605010695,0.186527324,0.030174739,0.669198183,0.611458918,0.330628947,2019/9/25
0.475394842,0.888122555,0.738646082,0.929752506,0.860209783,0.333581038,2019/9/26
0.165790274,0.82264825,0.035533626,0.204069802,0.860438965,0.874288258,2019/9/27
0.113206422,0.375231209,0.749401397,0.57730584,0.330507887,0.985915139,2019/9/28
0.519682806,0.979205257,0.925899008,0.17267172,0.444090431,0.013279286,2019/9/29
0.402693339,0.920278465,0.375860435,0.584390961,0.094374552,0.387913378,2019/9/30
0.932282442,0.274662987,0.136686365,0.693039964,0.120203703,0.022459108,2019/10/1
0.984130195,0.484603961,0.102578653,0.825580464,0.304488996,0.699625335,2019/10/2
0.614037977,0.456211846,0.194220342,0.913500431,0.633164982,0.905266404,2019/10/3
0.519074171,0.256871704,0.271564956,0.239169956,0.758787635,0.321366227,2019/10/4
0.252832716,0.74334109,0.5734824,0.452917813,0.662111326,0.47769234,2019/10/5
0.910863817,0.763246961,0.801103733,0.776819359,0.658858524,0.162462443,2019/10/6
0.729517645,0.158039059,0.776960372,0.025010259,0.288904401,0.709108898,2019/10/7
0.39801958,0.498885123,0.850334152,0.231453767,0.347629058,0.331568067,2019/10/8
0.933254494,0.200814957,0.635882276,0.057243592,0.90723952,0.25311163,2019/10/9
0.829213665,0.819224455,0.08883333,0.367261195,0.287377264,0.172831535,2019/10/10
0.326310488,0.457914252,0.138287473,0.326581688,0.915564993,0.672692379,2019/10/11
0.088315291,0.156669508,0.616124046,0.648246484,0.915345343,0.837505394,2019/10/12
0.262840315,0.431172963,0.133269205,0.55452652,0.627956138,0.979668738,2019/10/13
0.642429294,0.315693559,0.69358244,0.226078655,0.682819634,0.400241717,2019/10/14
0.635947198,0.933634528,0.268769038,0.453349111,0.932556537,0.172237605,2019/10/15
0.864108429,0.100234882,0.186024081,0.348007317,0.014495595,0.672207076,2019/10/16
0.039628934,0.953182504,0.255452767,0.21679358,0.752525287,0.550139718,2019/10/17
0.189761881,0.214792006,0.152018307,0.35396085,0.037117595,0.975689493,2019/10/18
0.437470616,0.795176273,0.303096517,0.075555788,0.201443146,0.52474789,2019/10/19
0.724173482,0.55815244,0.287821066,0.376423322,0.466417276,0.738185627,2019/10/20
0.701824029,0.600659267,0.735490061,0.539431898,0.455290974,0.530478721,2019/10/21
0.642571074,0.014103242,0.570414031,0.460844048,0.684420834,0.444476245,2019/10/22
0.540349298,0.893077035,0.611203807,0.454794282,0.683944531,0.012615268,2019/10/23
0.446359531,0.398460726,0.292492888,0.492858663,0.123979018,0.759075397,2019/10/24
0.383082592,0.234034335,0.780490695,0.867236885,0.193537425,0.980214359,2019/10/25
0.197875014,0.889883658,0.411717619,0.86966003,0.338861912,0.624068414,2019/10/26
0.184555463,0.917423966,0.727489395,0.410001913,0.584484471,0.576347076,2019/10/27
0.243654634,0.855722179,0.440857666,0.62057334,0.293604123,0.299045584,2019/10/28
0.82025663,0.055328772,0.734483885,0.603925683,0.947591583,0.217766389,2019/10/29
0.747097951,0.181026245,0.997436079,0.504153415,0.120670629,0.131937109,2019/10/30
0.308280919,0.359789433,0.003946221,0.139567415,0.912363759,0.384997108,2019/10/31
0.591664275,0.282351868,0.753964706,0.738612752,0.603992456,0.695137805,2019/11/1
0.30748002,0.930237668,0.701819207,0.936899425,0.561137229,0.506014683,2019/11/2
0.5683206,0.015996188,0.151865432,0.862363101,0.256908423,0.228117905,2019/11/3
0.852194166,0.532436822,0.643470309,0.677733001,0.413787024,0.001928899,2019/11/4
0.047679711,0.722836552,0.367527082,0.205312784,0.788495903,0.411040679,2019/11/5
0.439734598,0.839551657,0.74260739,0.484081061,0.284102521,0.59343689,2019/11/6
0.14013713,0.151573624,0.72028436,0.003472135,0.838958847,0.208989749,2019/11/7
0.294652539,0.204681553,0.018744273,0.247344839,0.103773095,0.7447441,2019/11/8
0.285707255,0.747238953,0.337549993,0.43356848,0.778850656,0.222674168,2019/11/9
0.164485836,0.747458066,0.068204789,0.355838939,0.171200622,0.420249758,2019/11/10
0.731178764,0.262437149,0.234744346,0.868374811,0.020388609,0.86942506,2019/11/11
0.919134319,0.317858041,0.847964206,0.797974678,0.752238357,0.265293639,2019/11/12
0.385228879,0.433959965,0.449577427,0.632082891,0.250712477,0.624885724,2019/11/13
0.378118238,0.197650946,0.878392284,0.110468889,0.340025707,0.64727404,2019/11/14
0.181826805,0.834493261,0.790222703,0.397479942,0.646394769,0.1450284,2019/11/15
0.756087093,0.340516959,0.563482187,0.524203736,0.291839646,0.454577871,2019/11/16
0.939436718,0.612470253,0.526896941,0.489750825,0.053113366,0.518760921,2019/11/17
0.223571584,0.621535564,0.019039548,0.67288785,0.276627271,0.744998379,2019/11/18
0.886321928,0.087980037,0.690624242,0.380535467,0.161870031,0.250782476,2019/11/19
0.998719029,0.887035564,0.492207356,0.481242191,0.335704654,0.925608021,2019/11/20
0.730497922,0.780312871,0.866893502,0.933851557,0.840719433,0.651246458,2019/11/21
0.975120916,0.828857249,0.871091925,0.72872566,0.989955161,0.885710154,2019/11/22
0.121114064,0.014152338,0.223945235,0.260782473,0.146202079,0.303603803,2019/11/23
0.306488319,0.885595454,0.223105024,0.200536193,0.007878058,0.705631986,2019/11/24
0.459256713,0.420782334,0.568814609,0.144645905,0.342373876,0.500595143,2019/11/25
0.755637515,0.934207874,0.480926636,0.901099239,0.268767942,0.665468688,2019/11/26
0.231854486,0.898591656,0.357558659,0.270361067,0.667034219,0.942063737,2019/11/27
0.885822085,0.674309299,0.833971252,0.426406908,0.076140514,0.935731389,2019/11/28
0.389141336,0.296264602,0.877097477,0.673876513,0.687109546,0.998269498,2019/11/29
0.935700727,0.142561114,0.396229056,0.267834676,0.96266466,0.306327957,2019/11/30
0.283267869,0.837425664,0.715795132,0.101433972,0.673853044,0.731627738,2019/12/1
0.042830143,0.464552856,0.933093819,0.453390706,0.797954923,0.090972462,2019/12/2
0.586005871,0.399681193,0.577222847,0.619311987,0.157404311,0.459220034,2019/12/3
0.356670053,0.471241029,0.449634218,0.68212703,0.764866193,0.837295773,2019/12/4
0.005399397,0.034534277,0.461946298,0.96173543,0.399971486,0.713876204,2019/12/5
0.302902018,0.392539662,0.105428802,0.248422538,0.91857691,0.085609296,2019/12/6
0.09485623,0.014545253,0.650346233,0.16392729,0.06827244,0.536567971,2019/12/7
0.896938123,0.995134049,0.856223814,0.256926668,0.917639579,0.731091743,2019/12/8
0.080222673,0.764030224,0.535527621,0.186683962,0.217580721,0.662859215,2019/12/9
0.116014521,0.169104244,0.761767869,0.326148621,0.244357813,0.900549399,2019/12/10
0.874502879,0.570610404,0.18412538,0.829870561,0.102678882,0.232508401,2019/12/11
0.889509008,0.051718179,0.626813055,0.372374707,0.012685037,0.652745332,2019/12/12
0.720777514,0.221850931,0.521159179,0.993066714,0.403477429,0.725684484,2019/12/13
0.305147444,0.174692365,0.951731612,0.171158843,0.016436395,0.075843354,2019/12/14
0.523661211,0.536023231,0.953011341,0.159498254,0.914066356,0.451398705,2019/12/15
0.480085618,0.442090763,0.416775778,0.047192143,0.044297273,0.910543128,2019/12/16
0.915074307,0.756601436,0.611692943,0.455356639,0.898334818,0.381313169,2019/12/17
0.902224623,0.271963074,0.741293165,0.544845542,0.13726239,0.708610349,2019/12/18
0.66182791,0.984642017,0.794514753,0.010942764,0.667880425,0.805407919,2019/12/19
0.686868272,0.647297456,0.845009805,0.861186571,0.399711557,0.440886837,2019/12/20
0.536749647,0.396238158,0.948241987,0.487300903,0.426598636,0.532249371,2019/12/21
0.653189964,0.42314432,0.803309197,0.50862665,0.157158278,0.328650213,2019/12/22
0.636779954,0.881761781,0.842372493,0.791343737,0.753981983,0.827824034,2019/12/23
0.1768093,0.167942034,0.034951817,0.873006109,0.77852834,0.271787613,2019/12/24
0.727210091,0.042459404,0.445558686,0.064046858,0.999997508,0.075399275,2019/12/25
0.131152667,0.394412832,0.933562455,0.231642603,0.763769298,0.801223341,2019/12/26
0.794654207,0.999094376,0.880254867,0.766376895,0.501031629,0.944511673,2019/12/27
0.847450765,0.988596472,0.498030856,0.136094019,0.59705168,0.030436597,2019/12/28
0.149657647,0.668881423,0.983577646,0.891799724,0.402345538,0.631531933,2019/12/29
0.9138449,0.875968467,0.813949384,0.317753733,0.251586164,0.391431236,2019/12/30
0.748887071,0.499172745,0.354162115,0.716681761,0.791299817,0.724973553,2019/12/31
0.313085189,0.453087779,0.67355416,0.53517406,0.18883954,0.191815662,2020/1/1
0.218921035,0.579398615,0.864965052,0.468817179,0.08297368,0.665249233,2020/1/2
0.534513865,0.210941863,0.739430224,0.85891689,0.480176097,0.924863489,2020/1/3
0.434607338,0.116841734,0.106755636,0.821084694,0.94093214,0.450168415,2020/1/4
0.867920681,0.717252774,0.321828467,0.605257841,0.800777705,0.545365494,2020/1/5
0.510366714,0.406678267,0.623885501,0.290566404,0.442563983,0.591653574,2020/1/6
0.365189558,0.461726742,0.505378689,0.199693884,0.211859187,0.452555983,2020/1/7
0.942656744,0.617502979,0.761809677,0.546408105,0.290738382,0.073205183,2020/1/8
0.416396019,0.56610588,0.950906168,0.591533558,0.380244295,0.546819064,2020/1/9
0.955099629,0.543300431,0.175866322,0.278818366,0.846922187,0.928119202,2020/1/10
0.187683993,0.03430382,0.314079454,0.905873407,0.283557977,0.235514415,2020/1/11
0.248430718,0.420339704,0.807300652,0.845047774,0.751046522,0.551911228,2020/1/12
0.355412066,0.168008869,0.322688289,0.19804107,0.509489398,0.317129508,2020/1/13
0.206665492,0.244311746,0.032544463,0.539892259,0.929138361,0.454526131,2020/1/14
0.650059164,0.365219642,0.357646609,0.752567147,0.212124377,0.234324266,2020/1/15
0.373378887,0.157526805,0.985376756,0.441374892,0.673599075,0.83490401,2020/1/16
0.795167612,0.715075768,0.7143026,0.677717966,0.741448465,0.06572105,2020/1/17
0.368344399,0.73204566,0.588530642,0.08205237,0.508217343,0.969504931,2020/1/18
0.791408024,0.454779059,0.328565647,0.703191861,0.434980097,0.618174845,2020/1/19
0.443691923,0.673064908,0.775654862,0.977740121,0.949127843,0.807394866,2020/1/20
0.83282949,0.587399163,0.706699825,0.831168721,0.20971398,0.067333263,2020/1/21
0.382598475,0.675688588,0.833546987,0.517848181,0.947703491,0.491883749,2020/1/22
0.012863638,0.05571202,0.457283479,0.194332929,0.482947152,0.301444425,2020/1/23
0.031214791,0.481229264,0.345838142,0.842673956,0.374340529,0.571619996,2020/1/24
0.421921864,0.293453062,0.1055332,0.963805693,0.903525318,0.72432507,2020/1/25
0.561908372,0.985144079,0.794262438,0.77677701,0.228624294,0.416449007,2020/1/26
0.934299391,0.063873454,0.718343732,0.92003449,0.510474133,0.215244671,2020/1/27
0.687128362,0.591820014,0.668748454,0.537236676,0.352518672,0.772360975,2020/1/28
0.527483256,0.189125049,0.99029869,0.951241784,0.272830042,0.039586232,2020/1/29
0.509365947,0.065919291,0.473839,0.17654953,0.380738172,0.848424056,2020/1/30
0.101398034,0.860293637,0.489479986,0.449342512,0.984266137,0.071542826,2020/1/31
0.701980102,0.445021051,0.82202572,0.070011228,0.34530752,0.028928547,2020/2/1
0.280100851,0.179635899,0.533031788,0.958080015,0.224073565,0.281874428,2020/2/2
0.246791443,0.04834673,0.978275227,0.50928215,0.712197659,0.588229896,2020/2/3
0.356667161,0.358916513,0.756883762,0.360959705,0.479876416,0.84789626,2020/2/4
0.14065878,0.31069773,0.859035582,0.76805832,0.784217134,0.453116898,2020/2/5
0.295971327,0.774222394,0.899526679,0.3798911,0.833557047,0.6217415,2020/2/6
0.379827827,0.024441186,0.517581671,0.078004238,0.886159924,0.31897218,2020/2/7
0.433143688,0.127957979,0.403820883,0.856963298,0.498776322,0.310631614,2020/2/8
0.770276603,0.979734681,0.57830899,0.978276412,0.860571981,0.537671532,2020/2/9
0.604705426,0.510288807,0.668179473,0.742695822,0.792519073,0.175763468,2020/2/10
0.436740555,0.732227959,0.580675044,0.232134389,0.395108473,0.361518723,2020/2/11
0.346076213,0.550677645,0.092931731,0.70367292,0.855128993,0.502013718,2020/2/12
0.079676716,0.923979522,0.481496369,0.395169741,0.033308334,0.890812567,2020/2/13
0.94247297,0.786039216,0.08758012,0.764783676,0.77708743,0.874410553,2020/2/14
0.624954544,0.59207457,0.72178973,0.33954995,0.390508031,0.912999301,2020/2/15
0.69774415,0.874982034,0.694277762,0.812208125,0.83869021,0.123110493,2020/2/16
0.93974193,0.748412477,0.3668862,0.286174713,0.019480352,0.260767336,2020/2/17
0.892562861,0.687679707,0.436108169,0.507211114,0.389364239,0.01090666,2020/2/18
0.500210652,0.96753549,0.629160047,0.80935445,0.086631238,0.286217855,2020/2/19
0.341119188,0.877247989,0.74935277,0.490797151,0.391487439,0.764275614,2020/2/20
0.059676466,0.862108141,0.726364111,0.962796884,0.166050257,0.918570814,2020/2/21
0.638287209,0.852966138,0.69455184,0.702199785,0.163017891,0.476155636,2020/2/22
0.285171516,0.048292411,0.331727408,0.537014392,0.400951068,0.282985221,2020/2/23
0.789642098,0.029940899,0.437589871,0.859440487,0.554515262,0.879990478,2020/2/24
0.744801653,0.935574823,0.644248663,0.937469075,0.496966212,0.034580575,2020/2/25
0.626851617,0.071682505,0.469755632,0.65553331,0.520018343,0.841691936,2020/2/26
0.633001894,0.513231296,0.051319991,0.362878058,0.886530334,0.321895484,2020/2/27
0.812572479,0.97994409,0.996469452,0.275345671,0.088510014,0.584460311,2020/2/28
0.57608211,0.08968407,0.260350277,0.972114085,0.586404819,0.284134458,2020/2/29
0.720573449,0.013805039,0.30336068,0.013441448,0.302284165,0.846613838,2020/3/1
0.839482349,0.397821146,0.905602771,0.842945253,0.731767068,0.727978675,2020/3/2
0.243484489,0.376769836,0.878751118,0.69627361,0.148715844,0.897200073,2020/3/3
0.749943919,0.126440188,0.816902138,0.502501415,0.176594057,0.169071501,2020/3/4
0.523862192,0.897384496,0.716246985,0.015674819,0.20519137,0.579757875,2020/3/5
0.088736502,0.963330624,0.83974959,0.953756259,0.971496746,0.515273787,2020/3/6
0.54907793,0.328122313,0.639529153,0.216087342,0.923656546,0.496526956,2020/3/7
0.061961105,0.996346349,0.61602263,0.937281635,0.048207701,0.410563468,2020/3/8
0.286999472,0.11553178,0.915159426,0.352481712,0.181540733,0.560778227,2020/3/9
0.269220402,0.24983088,0.783092221,0.993844692,0.779459299,0.468005272,2020/3/10
0.669758284,0.552861988,0.030922802,0.088807935,0.857418651,0.176064837,2020/3/11
0.072087388,0.726331169,0.10751525,0.383153681,0.853251726,0.80618561,2020/3/12
0.732488272,0.471589896,0.691197739,0.718278131,0.687198768,0.091197427,2020/3/13
0.029458288,0.191421485,0.588637052,0.276429533,0.354502605,0.964023398,2020/3/14
0.400861148,0.769267462,0.293749673,0.478687684,0.914582981,0.060726046,2020/3/15
0.436709518,0.434187919,0.942096271,0.68448884,0.092623306,0.229398161,2020/3/16
0.629395223,0.448964934,0.159908797,0.50679661,0.820873994,0.75524527,2020/3/17
0.117066441,0.750605892,0.125882156,0.036680898,0.617594805,0.841287457,2020/3/18
0.76139513,0.537744493,0.53052982,0.51545209,0.251272673,0.334664977,2020/3/19
0.834053669,0.588463547,0.317113269,0.006605757,0.616772543,0.673372043,2020/3/20
0.118293216,0.074773868,0.294999902,0.968963458,0.413964078,0.155782814,2020/3/21
0.428583988,0.37711674,0.877092629,0.58227957,0.795949908,0.831086433,2020/3/22
0.32274386,0.567810345,0.622438165,0.719384826,0.807982682,0.571227101,2020/3/23
0.330349668,0.538687408,0.755985156,0.299721274,0.6736344,0.193240032,2020/3/24
0.215966921,0.617653657,0.154628375,0.009379051,0.650999265,0.913030979,2020/3/25
0.107170817,0.173792752,0.237698621,0.252943624,0.074949208,0.082041741,2020/3/26
0.532971515,0.208859179,0.560602087,0.815416408,0.435552271,0.182164826,2020/3/27
0.086092611,0.161095286,0.039070996,0.654562376,0.012316149,0.785439713,2020/3/28
0.142429049,0.062055002,0.933047092,0.299313056,0.705437702,0.081909686,2020/3/29
0.270607819,0.56646317,0.652312967,0.898924599,0.69104054,0.83654178,2020/3/30
0.047253918,0.066876907,0.458408504,0.239782607,0.05541593,0.016668185,2020/3/31
0.360211578,0.281990402,0.613888807,0.019973704,0.083212749,0.862747315,2020/4/1
0.157362771,0.566338702,0.937071927,0.301606066,0.53117368,0.791332381,2020/4/2
0.207550094,0.21951394,0.945050021,0.264605202,0.681936576,0.817612436,2020/4/3
0.652493175,0.154406294,0.849491671,0.561406862,0.956538317,0.35140519,2020/4/4
0.740582208,0.36829921,0.398284961,0.799426966,0.041398276,0.594229262,2020/4/5
0.49295597,0.287938345,0.669435504,0.680319432,0.258556432,0.828533588,2020/4/6
0.240647666,0.748071227,0.146857744,0.758134359,0.199145398,0.72726164,2020/4/7
0.694508622,0.39651572,0.458828241,0.194677986,0.163332656,0.087243081,2020/4/8
0.188163418,0.748794629,0.798946398,0.590688035,0.864027538,0.412684774,2020/4/9
0.485254022,0.190273668,0.2104004,0.672567978,0.516317253,0.875123608,2020/4/10
0.182109157,0.081983369,0.421069601,0.972191632,0.600850844,0.078290316,2020/4/11
0.249638098,0.122061186,0.311843466,0.013022537,0.365455015,0.568338007,2020/4/12
0.707074923,0.417047068,0.594017324,0.737570352,0.035855893,0.941604306,2020/4/13
0.434748539,0.925686525,0.014043644,0.816930149,0.445437576,0.37857105,2020/4/14
0.199994002,0.071211324,0.597029439,0.621662981,0.194608914,0.305546197,2020/4/15
0.481766343,0.357904993,0.378822371,0.48557747,0.198344365,0.633207464,2020/4/16
0.422284522,0.350742234,0.859776791,0.444794548,0.575549786,0.707428277,2020/4/17
0.534017289,0.531940837,0.619258693,0.730101999,0.788564235,0.664250516,2020/4/18
0.325690923,0.778800241,0.145798725,0.614069596,0.934055496,0.360999892,2020/4/19
0.355639466,0.01241269,0.167692273,0.643449076,0.031636189,0.595336327,2020/4/20
0.916722735,0.791064195,0.59718016,0.479433771,0.669575612,0.407260362,2020/4/21
0.306118365,0.415210414,0.476016801,0.650614161,0.171032706,0.864185202,2020/4/22
0.170046326,0.642777753,0.610307176,0.036472406,0.867378397,0.712599751,2020/4/23
0.022053706,0.757339082,0.597472501,0.135181847,0.940936484,0.029128512,2020/4/24
0.306301885,0.794837388,0.079720669,0.034606536,0.350575956,0.906900626,2020/4/25
0.669033676,0.583958676,0.666525763,0.425738796,0.29273893,0.806596533,2020/4/26
0.875686783,0.353697108,0.282852262,0.234669598,0.030204645,0.431149615,2020/4/27
0.546027634,0.871881059,0.130035956,0.785139687,0.332934735,0.26120636,2020/4/28
0.887166609,0.647498638,0.583758232,0.145173948,0.018601851,0.092063007,2020/4/29
0.785747964,0.460974875,0.513299897,0.743595285,0.91648524,0.389456317,2020/4/30
0.443161476,0.93948344,0.93976625,0.194729428,0.431218708,0.244057383,2020/5/1
0.136916732,0.667916345,0.926468945,0.863885533,0.921254649,0.040234695,2020/5/2
0.917943563,0.420818536,0.489462476,0.332185183,0.776532214,0.583942062,2020/5/3
0.341225978,0.497136336,0.594943314,0.277346953,0.886558799,0.379915782,2020/5/4
0.843129283,0.139426031,0.768740483,0.092145531,0.699507218,0.178246958,2020/5/5
0.274477429,0.422899964,0.396202321,0.272886038,0.87466471,0.782437654,2020/5/6
0.779761172,0.013117783,0.697687336,0.017843571,0.493642767,0.686299055,2020/5/7
0.917723742,0.15522247,0.334750814,0.929052216,0.585806197,0.431095551,2020/5/8
0.587358087,0.630651543,0.920191317,0.055434108,0.50886757,0.219069305,2020/5/9
0.778901256,0.268851061,0.919921884,0.932039192,0.65756209,0.071581778,2020/5/10
0.410772033,0.247021521,0.831868731,0.901938777,0.397526183,0.428615645,2020/5/11
0.277949763,0.750231614,0.244497424,0.023549201,0.882518284,0.940095302,2020/5/12
0.142177214,0.112076359,0.942040502,0.790829369,0.110615135,0.157210671,2020/5/13
0.053914376,0.990326681,0.537913538,0.82343776,0.471564806,0.71013242,2020/5/14
0.947049549,0.431010249,0.092176892,0.927655556,0.813433076,0.540555495,2020/5/15
0.137009588,0.298217996,0.475861953,0.422999008,0.029900828,0.649539717,2020/5/16
0.245627369,0.992736815,0.830659425,0.50761898,0.436023404,0.874832165,2020/5/17
0.337131242,0.371205484,0.873376143,0.652965792,0.914693084,0.234501537,2020/5/18
0.937028172,0.800399315,0.221506489,0.315108966,0.942395791,0.005169145,2020/5/19
0.407638524,0.38704545,0.713984493,0.707150584,0.133233849,0.401740949,2020/5/20
0.96524061,0.677638245,0.656073987,0.921030635,0.443218669,0.972839531,2020/5/21
0.168051949,0.283575621,0.089454249,0.289496365,0.041700825,0.105172393,2020/5/22
0.974641306,0.231943169,0.962084729,0.025184546,0.751026979,0.488359872,2020/5/23
0.325516905,0.358897307,0.979048843,0.841387541,0.251505199,0.457970318,2020/5/24
0.200928125,0.229361399,0.757453359,0.036856942,0.582174291,0.585713659,2020/5/25
0.383837195,0.716512086,0.28981391,0.738541143,0.805209066,0.415604639,2020/5/26
0.500944296,0.087749804,0.034686802,0.246439451,0.177699373,0.899000368,2020/5/27
0.519945455,0.043429181,0.275593255,0.47314052,0.228080845,0.863740675,2020/5/28
0.936854658,0.65732183,0.567113872,0.409691606,0.75849534,0.710084788,2020/5/29
0.929035187,0.550613009,0.353861779,0.929596946,0.476361694,0.819382594,2020/5/30
0.901028333,0.268106195,0.156362478,0.956895805,0.300861776,0.0293552,2020/5/31
0.582651806,0.27120396,0.77752928,0.886546481,0.382825002,0.288751632,2020/6/1
0.521546758,0.188103694,0.343463273,0.890374599,0.277607421,0.478442609,2020/6/2
0.927644848,0.456672644,0.986876542,0.221235155,0.498796232,0.403662077,2020/6/3
0.594478714,0.845504616,0.244003196,0.925921839,0.464373817,0.125526112,2020/6/4
0.918376259,0.595297204,0.611711619,0.032658542,0.072858452,0.081534607,2020/6/5
0.338849906,0.529879445,0.678437215,0.917813683,0.763946781,0.948716312,2020/6/6
0.005945697,0.652417229,0.021286459,0.291840502,0.977197671,0.314633932,2020/6/7
0.813433339,0.156081354,0.500733898,0.369888139,0.732236099,0.213390096,2020/6/8
0.080777656,0.976711631,0.567777938,0.310423264,0.061978213,0.12144787,2020/6/9
0.858055232,0.281661122,0.727677679,0.675763505,0.739567615,0.705044567,2020/6/10
0.645781913,0.614623272,0.152660783,0.421809291,0.966202336,0.373602151,2020/6/11
0.856034639,0.328186062,0.718370852,0.8084119,0.174285833,0.755698136,2020/6/12
0.348937405,0.109407652,0.063208992,0.287043229,0.638343203,0.297852423,2020/6/13
0.860696319,0.768541665,0.956505809,0.638627967,0.085396693,0.456065792,2020/6/14
0.229476462,0.520735765,0.638135216,0.943562979,0.274664892,0.917731094,2020/6/15
0.690572051,0.41620035,0.305829806,0.358659582,0.687035345,0.661354925,2020/6/16
0.815769001,0.90681897,0.408543153,0.217912563,0.265522957,0.450429011,2020/6/17
0.9965569,0.155600542,0.474310291,0.340691844,0.507487581,0.817466369,2020/6/18
0.745956051,0.182321571,0.152699743,0.348520875,0.007520289,0.574548852,2020/6/19
0.353537283,0.410607892,0.024472163,0.006533962,0.766007392,0.255096218,2020/6/20
0.36454717,0.416067708,0.741896345,0.075404815,0.09128738,0.214754132,2020/6/21
0.501346185,0.943854447,0.012592065,0.444688112,0.055474484,0.8858669,2020/6/22
0.8650398,0.849737548,0.40604124,0.751052404,0.489995922,0.361944465,2020/6/23
0.500222592,0.766790276,0.201282187,0.142963914,0.573601599,0.087192944,2020/6/24
0.180077845,0.112319026,0.286634614,0.450999279,0.823470891,0.378955908,2020/6/25
0.034651447,0.022485086,0.746184037,0.04746051,0.370681383,0.104864865,2020/6/26
0.386369336,0.160616221,0.569237527,0.438430952,0.167035199,0.961096036,2020/6/27
0.791030944,0.574900039,0.963119083,0.202382437,0.359206719,0.94814231,2020/6/28
0.782835512,0.359916014,0.869511362,0.08690073,0.178943412,0.756503085,2020/6/29
0.852144299,0.736583919,0.882872302,0.696572006,0.532717946,0.322768624,2020/6/30
0.112387517,0.162326924,0.666048024,0.304187355,0.943365927,0.727458971,2020/7/1
0.819347689,0.559242911,0.172669463,0.586851528,0.160947674,0.210730456,2020/7/2
0.007566265,0.372249508,0.500267186,0.674737113,0.33329029,0.25598443,2020/7/3
0.315660609,0.450284357,0.968153314,0.971365471,0.281996258,0.34630616,2020/7/4
0.825702237,0.679048778,0.791276463,0.802690598,0.738377777,0.326928304,2020/7/5
0.388847482,0.807409217,0.64786308,0.579897241,0.768883029,0.298689991,2020/7/6
0.519329961,0.039104756,0.202659284,0.917480607,0.570709531,0.947232672,2020/7/7
0.16459687,0.694418046,0.187379396,0.863723346,0.272010439,0.5755042,2020/7/8
0.842277763,0.408729566,0.754834213,0.860303288,0.41159517,0.05831845,2020/7/9
0.266164284,0.474084505,0.932601848,0.421418992,0.131847436,0.89842528,2020/7/10
0.685080942,0.494078739,0.734589762,0.086145907,0.565237437,0.068789201,2020/7/11
0.015010276,0.640515493,0.249176127,0.839086447,0.746967732,0.531488799,2020/7/12
0.766935415,0.158718043,0.183428528,0.817215135,0.366989728,0.490126488,2020/7/13
0.582115437,0.527443525,0.242278024,0.581845169,0.97280852,0.396393504,2020/7/14
0.287631819,0.459867724,0.950735896,0.046356542,0.940796065,0.16281982,2020/7/15
0.901334901,0.177641046,0.263747728,0.494153771,0.469981635,0.606320421,2020/7/16
0.382617503,0.564076119,0.477125342,0.667396224,0.752235499,0.062423797,2020/7/17
0.544695976,0.580263797,0.470131968,0.42540875,0.991367759,0.783730922,2020/7/18
0.240117214,0.015917136,0.954555386,0.044957943,0.569781153,0.027251246,2020/7/19
0.18756178,0.846670053,0.947657488,0.964765068,0.429237751,0.878771578,2020/7/20
0.838787969,0.774257609,0.189454545,0.156211716,0.531100331,0.656268214,2020/7/21
0.617319338,0.347385269,0.398439719,0.405939518,0.305397721,0.259450596,2020/7/22
0.491494003,0.1305373,0.026405718,0.352555232,0.057606154,0.890778049,2020/7/23
0.815649554,0.147875442,0.816831884,0.621130662,0.601041144,0.813884438,2020/7/24
0.853284115,0.373074762,0.06242744,0.720935988,0.522873973,0.690043848,2020/7/25
0.421080652,0.696116566,0.6832483,0.425121563,0.8800551,0.175763026,2020/7/26
0.000601855,0.858866633,0.880722944,0.308744093,0.725211629,0.664721701,2020/7/27
0.521771238,0.687583506,0.607130957,0.970650404,0.452583889,0.441102097,2020/7/28
0.607017151,0.482046513,0.520318124,0.327116508,0.920448843,0.679510994,2020/7/29
0.98786242,0.067527355,0.982415804,0.553093926,0.609702591,0.073298606,2020/7/30
0.524356632,0.900577887,0.350034299,0.678600468,0.043003962,0.8141834,2020/7/31
0.643518615,0.745686437,0.398889351,0.429620424,0.572153872,0.555442127,2020/8/1
0.635066942,0.342102153,0.290890987,0.260287476,0.822987236,0.750546879,2020/8/2
0.65498423,0.056367638,0.765887581,0.436891393,0.273111779,0.55780871,2020/8/3
0.689791874,0.071828505,0.565437681,0.207073879,0.179031046,0.874450939,2020/8/4
0.840970685,0.878165486,0.55022501,0.224971623,0.950854999,0.517719084,2020/8/5
0.824695428,0.861906501,0.124868522,0.097283261,0.386253784,0.136396684,2020/8/6
0.655915512,0.112733094,0.802714489,0.909480059,0.14728847,0.265669822,2020/8/7
0.794587625,0.43933741,0.508413606,0.911449887,0.800802957,0.293860756,2020/8/8
0.505050554,0.105523677,0.948995302,0.933358908,0.909195946,0.812795845,2020/8/9
0.650538683,0.784402241,0.843193501,0.091925671,0.099632901,0.75884554,2020/8/10
0.328866367,0.466793789,0.462228475,0.014745434,0.14910656,0.878764072,2020/8/11
0.304283928,0.962353505,0.387802848,0.342674858,0.033986969,0.995274751,2020/8/12
0.594585366,0.769994697,0.850052267,0.939038872,0.699921357,0.065241673,2020/8/13
0.51249394,0.196993642,0.254695923,0.791693861,0.944291894,0.715137031,2020/8/14
0.346311427,0.704513652,0.70625936,0.968794739,0.884184455,0.324045804,2020/8/15
0.18834868,0.20382626,0.91220263,0.952445846,0.735250533,0.013403718,2020/8/16
0.896304677,0.277393907,0.565760368,0.065486319,0.36900117,0.273348646,2020/8/17
0.739607907,0.83324094,0.531093146,0.036461137,0.09630219,0.873092651,2020/8/18
0.451574648,0.693390654,0.234772418,0.936554826,0.613930535,0.895725542,2020/8/19
0.384400246,0.204136065,0.015918069,0.177921192,0.865553376,0.876790238,2020/8/20
0.706724209,0.434393259,0.894086279,0.128043148,0.130692291,0.446006166,2020/8/21
0.963667635,0.510031834,0.702777167,0.637093716,0.600689771,0.004982766,2020/8/22
0.25182234,0.405407884,0.714872069,0.009105469,0.779954679,0.721273272,2020/8/23
0.530629061,0.394897513,0.793818457,0.458592099,0.791912253,0.583444958,2020/8/24
0.87887469,0.426806817,0.29033411,0.519728684,0.336258295,0.248680556,2020/8/25
0.375044593,0.739241666,0.964598093,0.81481044,0.499007784,0.591243696,2020/8/26
0.699721145,0.489771033,0.47614842,0.308188389,0.335864855,0.075035249,2020/8/27
0.511715918,0.895757491,0.930782059,0.211818155,0.591876334,0.307843495,2020/8/28
0.797135794,0.992457148,0.143810657,0.398293443,0.545008611,0.53374324,2020/8/29
0.118747959,0.125047982,0.976699708,0.425561298,0.827809506,0.277782067,2020/8/30
0.212748743,0.421228049,0.232069464,0.538076864,0.075198403,0.668171939,2020/8/31
0.113065778,0.593114354,0.392663015,0.690447989,0.648804434,0.434874827,2020/9/1
0.116663027,0.894989782,0.05472291,0.909528926,0.156981136,0.039147393,2020/9/2
0.467089585,0.639837853,0.289996441,0.736594973,0.442643589,0.158941894,2020/9/3
0.014986461,0.731581952,0.23506951,0.868422762,0.810095965,0.753228097,2020/9/4
0.743859171,0.084053318,0.844994495,0.585441042,0.055919944,0.72178082,2020/9/5
0.498316411,0.223759412,0.723741622,0.734297957,0.595373497,0.627022343,2020/9/6
0.519072846,0.536174382,0.666760064,0.638514779,0.24315975,0.171598925,2020/9/7
0.792942559,0.635166058,0.22705729,0.712282127,0.641119938,0.266074483,2020/9/8
0.578261485,0.634206088,0.61142571,0.952464605,0.116644376,0.917844143,2020/9/9
0.433397733,0.026940628,0.884814068,0.277624556,0.915672293,0.802915172,2020/9/10
0.458664668,0.788883682,0.623271994,0.449935822,0.815527749,0.840495375,2020/9/11
0.4398905,0.004438701,0.217548813,0.666432832,0.426815926,0.398086465,2020/9/12
0.810439957,0.324211277,0.910543432,0.525268643,0.800506223,0.504016422,2020/9/13
0.627397183,0.336317588,0.172986388,0.124629722,0.172204485,0.379286613,2020/9/14
0.323490698,0.930472735,0.56505878,0.230845061,0.736875978,0.640970749,2020/9/15
0.085868607,0.279057599,0.157919853,5.38769E-05,0.764870078,0.483693284,2020/9/16
0.544204921,0.444785615,0.491543075,0.679837372,0.039114468,0.976578771,2020/9/17
0.833154083,0.778980407,0.270809297,0.844673501,0.623144713,0.964299757,2020/9/18
0.344342716,0.617928551,0.580770803,0.140954929,0.342284711,0.544269493,2020/9/19
0.853069816,0.359550822,0.466982827,0.921638963,0.799368315,0.22479265,2020/9/20
0.353272983,0.964634561,0.453616967,0.135917444,0.221802862,0.804478954,2020/9/21
0.651143558,0.112650821,0.886211751,0.272731154,0.43047453,0.415660769,2020/9/22
0.204337636,0.840309374,0.661876668,0.132122485,0.5609599,0.230098596,2020/9/23
0.53092549,0.695029723,0.297992876,0.843575587,0.37801457,0.183209328,2020/9/24
0.440502469,0.70312744,0.571118602,0.802507463,0.96175755,0.171081988,2020/9/25
0.741495653,0.057322747,0.605173487,0.502337366,0.588101894,0.002634624,2020/9/26
0.837499139,0.155101775,0.704050194,0.650760278,0.337796286,0.541991039,2020/9/27
0.854844997,0.737104663,0.094026359,0.089459046,0.137201294,0.292648528,2020/9/28
0.182330067,0.348576303,0.740958427,0.281163111,0.603993067,0.591665119,2020/9/29
0.780182535,0.734068561,0.083413887,0.063962677,0.793503732,0.633904421,2020/9/30
0.607319383,0.943310568,0.750356345,0.387265891,0.596475323,0.969655792,2020/10/1
0.325150286,0.322682719,0.241065023,0.775444052,0.968413838,0.422636368,2020/10/2
0.346475165,0.426596933,0.949470648,0.204077726,0.734051618,0.307146513,2020/10/3
0.12413152,0.172520278,0.953706756,0.50128242,0.265508238,0.722210219,2020/10/4
0.385920635,0.869362626,0.908245025,0.93572458,0.267661922,0.237549865,2020/10/5
0.091697931,0.653800886,0.895257375,0.474693805,0.922304894,0.008593754,2020/10/6
0.115297898,0.929207968,0.52645259,0.601458667,0.795271108,0.478564057,2020/10/7
0.65281928,0.312796244,0.479381326,0.191717106,0.012063985,0.807807348,2020/10/8
0.208180602,0.759646755,0.120989883,0.744530907,0.651502381,0.873099812,2020/10/9
0.098362763,0.543999656,0.786475071,0.918155868,0.529781313,0.070583984,2020/10/10
0.345640512,0.585553317,0.809080034,0.076196377,0.435820026,0.016923711,2020/10/11
0.24842103,0.70453373,0.726903717,0.455483199,0.166356392,0.10309768,2020/10/12
0.369134998,0.496459184,0.988709485,0.260734853,0.052459934,0.522776726,2020/10/13
0.283802997,0.741746095,0.495932073,0.59324638,0.352129651,0.818615374,2020/10/14
0.839490283,0.62407475,0.20390309,0.190304496,0.105930748,0.9770458,2020/10/15
0.979126275,0.011622897,0.930234906,0.866620518,0.433828648,0.080298475,2020/10/16
0.819073822,0.397656345,0.40410745,0.968486393,0.657121652,0.379243158,2020/10/17
0.929403146,0.826591183,0.110385296,0.029543403,0.482107423,0.969045804,2020/10/18
0.160277435,0.338842447,0.149389056,0.582163331,0.860331262,0.940283264,2020/10/19
0.828885554,0.203086374,0.42359953,0.26915851,0.945504468,0.717168271,2020/10/20
0.145592818,0.456643641,0.052644273,0.522696751,0.824724464,0.333963189,2020/10/21
0.333873305,0.676304525,0.226797048,0.600637083,0.105540549,0.461696662,2020/10/22
0.000111507,0.936155219,0.422399465,0.088105533,0.538132294,0.559017729,2020/10/23
0.585807437,0.600593535,0.734824966,0.965995111,0.099147161,0.520018446,2020/10/24
0.716045723,0.694874493,0.660307889,0.987132078,0.447808897,0.826712371,2020/10/25
0.557029672,0.987120485,0.420306141,0.58701334,0.911326017,0.871792966,2020/10/26
0.296922167,0.201531285,0.71008812,0.844288686,0.225619128,0.166724779,2020/10/27
0.56725831,0.09216189,0.552609635,0.13792304,0.869665899,0.900423259,2020/10/28
0.396435891,0.810656196,0.19895314,0.177962134,0.96649196,0.494500275,2020/10/29
0.273754368,0.161377013,0.45811276,0.977598314,0.304029644,0.417298097,2020/10/30
0.004199322,0.028772798,0.955923204,0.900156973,0.438050863,0.251836265,2020/10/31
0.860441616,0.820298422,0.942063862,0.846065621,0.338286052,0.47265041,2020/11/1
0.93463603,0.183500596,0.136413152,0.807680211,0.424384645,0.023786049,2020/11/2
0.408476628,0.316147341,0.593855656,0.588496465,0.582864452,0.323301383,2020/11/3
0.958385041,0.43500172,0.143735419,0.55908093,0.809124164,0.64199057,2020/11/4
0.539977582,0.514987687,0.064312379,0.195334261,0.766266869,0.2311509,2020/11/5
0.386910645,0.939121322,0.253281211,0.434323931,0.480291862,0.660224294,2020/11/6
0.450749585,0.225482408,0.915512065,0.882835,0.567528382,0.275904041,2020/11/7
0.413060181,0.324260641,0.568053518,0.123377425,0.232487121,0.687429838,2020/11/8
0.756311819,0.89719985,0.813800153,0.079129373,0.551349139,0.641724487,2020/11/9
0.185716147,0.130234394,0.112797869,0.639989982,0.886804173,0.406343007,2020/11/10
0.038377829,0.33346724,0.729493341,0.210046903,0.416481321,0.335249965,2020/11/11
0.820752915,0.485349351,0.035017981,0.235814227,0.534574702,0.825099991,2020/11/12
0.547205517,0.862620002,0.498261252,0.455243491,0.59982913,0.805543519,2020/11/13
0.375455671,0.151928139,0.550450684,0.68675929,0.277910168,0.652370754,2020/11/14
0.902003107,0.707274972,0.854044075,0.450584012,0.010977,0.114776625,2020/11/15
0.597008701,0.231097836,0.253035195,0.782563613,0.793647295,0.168742556,2020/11/16
0.720408287,0.399712769,0.123879063,0.743223499,0.53722699,0.087319086,2020/11/17
0.865731499,0.989405149,0.194636068,0.379189821,0.731265392,0.193855608,2020/11/18
0.445305489,0.22760478,0.36678234,0.105883191,0.655401947,0.981021849,2020/11/19
0.036552099,0.743827303,0.927339042,0.258218937,0.869139388,0.546913187,2020/11/20
0.324865321,0.46079831,0.809673938,0.046901372,0.678717741,0.864028853,2020/11/21
0.551575498,0.115540544,0.992695461,0.906256233,0.240850188,0.012101346,2020/11/22
0.608505295,0.452373635,0.373586082,0.274394813,0.459981431,0.531053278,2020/11/23
